{"cameraMode":{"drawMode":0,"name":"Shaded","section":"Shading Mode"},"sceneLighting":true,"audioPlay":false,"sceneViewState":{"showFog":false,"showMaterialUpdate":false,"showSkybox":false,"showFlares":false,"showImageEffects":false,"showParticleSystems":false},"in2DMode":false,"pivot":{"x":125.7532958984375,"y":-678.756591796875,"z":-792.82666015625},"rotation":{"x":0.9818841218948364,"y":-0.015673987567424775,"z":-0.16380739212036134,"w":-0.09395509958267212},"size":619.7600708007813,"orthographic":false}